0.148212730884552,0.022952258586883545,0.0137367844581604,0.1548602367010014,0.11897592951302689,-122.5140477573943,32.514047757394295,0.1376323699951172,-1.0,-1.0,-1.0,-1.0,0.0,121.39961036778648,178.74018983501546,57.34057946722898,0.16452527046203613,0.0884171724319458,0.12440371513366699,176.21613483764543,169.47677368540343,169.47677368540343,176.21613483764543,6.739361152241997,1,0,0.0232793390750885,0.026299311710129412,0.118943730149499,1
0.24881967902183533,0.06825503706932068,0.037275731563568115,0.274315268541645,0.17636218776916437,-130.62169377831356,40.621693778313556,0.1717107594013214,173.88019361030263,57.53620854127382,57.53620854127382,173.88019361030263,116.3439850690288,155.8558932599742,174.9080350948102,19.052141834835993,0.11945492029190063,0.058960914611816406,0.06919753551483154,175.88171197515473,142.0623645379108,142.0623645379108,175.88171197515473,33.81934743724392,0,0,0.002957865595817566,0.04636216220196516,0.050425954246154626,0
0.32824116945266724,0.0034341812133789062,0.004658997058868408,0.010462371978217434,0.18022268137551237,-120.1748204984297,30.174820498429696,0.23829752206802368,-1.0,174.35662519225147,174.35662519225147,174.35662519225147,0.0,167.05358316358334,167.05358316358334,0.0,0.040174514055252075,0.020477294921875,0.0,-1.0,150.91736466899548,150.91736466899548,150.91736466899548,0.0,1,0,0.007809847593307495,0.07738484929292577,0.03974441077204903,0
0.20878252387046814,0.06430959701538086,0.03813934326171875,0.30802193508916254,0.13779935196352205,-129.20854992603287,39.20854992603287,0.1471315622329712,125.07446113607413,165.55590808267257,125.07446113607413,165.55590808267257,40.48144694659844,138.76796065878676,153.51599852834835,14.748037869561585,0.11938506364822388,0.06195712089538574,0.12047415971755981,162.99456866280553,140.39619170290095,140.39619170290095,162.99456866280553,22.598376959904584,0,0,0.003277987241744995,0.04050642727619929,0.0633453406829177,1
0.11323213577270508,0.037076741456985474,0.018259942531585693,0.32744009643526417,0.1014092032351473,-152.90721080712052,62.90721080712052,0.08630287647247314,157.02857179195757,175.52717592405008,157.02857179195757,175.52717592405008,18.49860413209251,149.0104895293552,168.83986665824693,19.829377128891736,0.08513319492340088,0.055216312408447266,0.08872020244598389,141.4073597790769,165.187051481239,141.4073597790769,165.187051481239,23.779691702162097,1,0,0.037110790610313416,0.05580016073725738,0.027331917219280744,3
0.24005690217018127,0.052816689014434814,0.039353907108306885,0.22001737311844496,0.15657144724806124,-48.79862326120681,41.20137673879319,0.17802253365516663,165.9077544305299,134.42464466493863,134.42464466493863,165.9077544305299,31.48310976559128,154.79040136064114,179.11129182964993,24.320890469008788,0.0628778338432312,0.046804606914520264,0.08448666334152222,162.96037444528645,2.9562589916135615,2.9562589916135615,162.96037444528645,160.00411545367288,0,0,0.020960241556167603,0.05258850011646073,0.03330451996616091,3
0.2507167011499405,0.05198746919631958,0.029631316661834717,0.20735542928681328,0.1372348994682011,-116.4574437379178,26.4574437379178,0.17825591564178467,171.07829164595393,177.02472209268967,171.07829164595393,177.02472209268967,5.9464304467357465,165.706115527063,175.65711168221767,9.950996155154684,0.06081458926200867,0.03275376558303833,0.03891763091087341,177.3766043711816,165.9907185699788,165.9907185699788,177.3766043711816,11.38588580120279,0,0,0.0037877261638641357,0.0394009705327265,0.05001226936937212,0
0.25706547498703003,0.056215524673461914,0.029587090015411377,0.21868173731341484,0.11715773586042347,-77.20331827249721,12.796681727502786,0.15698611736297607,178.08482316873992,178.51388158841675,178.08482316873992,178.51388158841675,0.429058419676835,160.4488376252589,164.75702777807896,4.30819015282006,0.00891721248626709,0.002418696880340576,0.012712657451629639,171.91250799290805,172.15121366732967,171.91250799290805,172.15121366732967,0.23870567442162383,0,0,0.005597114562988281,0.04356097325280358,0.013635865782896321,3
0.12077844142913818,0.06368574500083923,0.0048520565032958984,0.5272939793498184,0.15300673005307602,-140.18505874604438,50.185058746044376,0.1298586130142212,135.24769063820233,170.99976857668395,135.24769063820233,170.99976857668395,35.75207793848162,103.98894030634253,173.96349664404985,69.97455633770733,0.10475283861160278,0.07636809349060059,0.1785820722579956,160.19884886011218,149.9411449622402,149.9411449622402,160.19884886011218,10.257703897871977,1,0,0.019366130232810974,0.01469524965395934,0.10892685058258245,2
0.10146713256835938,0.0354001522064209,0.024138033390045166,0.34888294672732056,0.14497008159165234,-166.42935585167473,76.42935585167473,0.05335521697998047,150.58187399765765,95.25282564844365,95.25282564844365,150.58187399765765,55.329048349214005,144.36746097765123,145.66180978452334,1.294348806872108,0.12655115127563477,0.06967306137084961,0.15684723854064941,156.65364160947334,154.0962310391145,154.0962310391145,156.65364160947334,2.557410570358826,1,1,0.037698596715927124,0.052666823854069345,0.04286514687906304,2
0.13456794619560242,0.047674596309661865,0.02265000343322754,0.3542789918214553,0.1422471919742805,-151.0345549418536,61.0345549418536,0.08744290471076965,177.88346335992648,174.58708377504163,174.58708377504163,177.88346335992648,3.2963795848848463,139.6571960781596,140.2483121834483,0.5911161052887053,0.1355600357055664,0.0660058856010437,0.14198344945907593,128.43484264010954,143.70842723308536,128.43484264010954,143.70842723308536,15.273584592975823,1,0,0.0029428601264953613,0.05830613697385288,0.02712605056262464,2
0.20966559648513794,0.07692128419876099,0.028621256351470947,0.3668760420797673,0.10986938734756108,-106.61921904880708,16.619219048807082,0.11126253008842468,-1.0,-1.0,-1.0,-1.0,0.0,162.28420474841633,162.28420474841633,0.0,0.12298446893692017,0.07387179136276245,0.0,177.36064948873258,134.82479007015627,134.82479007015627,177.36064948873258,42.53585941857631,1,0,0.03286448121070862,0.04404111475702628,0.06261636398770797,1
0.11758124828338623,0.04680466651916504,0.017667531967163086,0.39806233734106694,0.09930266734624493,-127.8316713742547,37.8316713742547,0.10929593443870544,-1.0,-1.0,-1.0,-1.0,0.0,98.76769491054988,174.1740065318076,75.40631162125773,0.14264827966690063,0.07496076822280884,0.15429949760437012,163.06155037444734,164.33616815103508,163.06155037444734,164.33616815103508,1.2746177765877462,1,0,0.005222201347351074,0.038167542700675045,0.07461416047308685,1
0.1463262438774109,0.04273581504821777,0.025754034519195557,0.29205844362424116,0.10922671330161736,-125.20717016345209,35.20717016345209,0.11530280113220215,-1.0,-1.0,-1.0,-1.0,0.0,111.89532007409004,157.49889006801405,45.60356999392401,0.14802932739257812,0.07400751113891602,0.1685929298400879,178.21974268043354,159.994700234395,159.994700234395,178.21974268043354,18.225042446038543,1,0,0.016714513301849365,0.035749071289090495,0.08310176220988885,1
0.2329494059085846,0.0747426450252533,0.043223172426223755,0.3208535550186561,0.1449793882262613,-131.95994513126453,41.95994513126453,0.15651684999465942,116.00118404774813,151.91515883778058,116.00118404774813,151.91515883778058,35.913974790032455,129.49946527432482,158.49117153919008,28.991706264865257,0.09891664981842041,0.05504250526428223,0.16522151231765747,166.3647759500566,152.6862732568859,152.6862732568859,166.3647759500566,13.678502693170714,0,0,0.02082274854183197,0.05914942249896859,0.03071613222151772,1
0.2777568995952606,0.09278768301010132,0.05214765667915344,0.3340607673303845,0.1629230921777299,-117.48193105682857,27.48193105682857,0.1792389154434204,162.7372547725546,171.53116232128394,162.7372547725546,171.53116232128394,8.79390754872935,154.94551088863406,172.3501465277704,17.40463563913633,0.02689039707183838,0.010990381240844727,0.015215814113616943,138.8715626980242,172.66431921494603,138.8715626980242,172.66431921494603,33.79275651692183,0,0,0.03515586256980896,0.035348350284455536,0.046469932455759706,1
0.11060404777526855,0.02350306510925293,0.003592371940612793,0.21249733243947602,0.11769485788994832,-117.69259265068072,27.692592650680723,0.15104568004608154,85.79528966024834,119.51095897030267,85.79528966024834,119.51095897030267,33.715669310054324,79.2678815132949,126.48152966754928,47.213648154254386,0.08362084627151489,0.06455600261688232,0.11917662620544434,155.47028743202011,96.02134209629489,96.02134209629489,155.47028743202011,59.44894533572523,0,0,0.012996077537536621,0.016531709662792722,0.08658756118536018,1
0.12348595261573792,0.04958009719848633,0.023036420345306396,0.4015039455764582,0.1277754671884838,-142.02218688115508,52.02218688115508,0.11730119585990906,89.29922350381973,166.0636395098465,89.29922350381973,166.0636395098465,76.76441600602676,106.73341350599988,179.14013086444024,72.40671735844036,0.11334019899368286,0.06928545236587524,0.15152698755264282,153.59298249376047,122.91714394123383,122.91714394123383,153.59298249376047,30.675838552526642,0,0,0.012934744358062744,0.04233440318023936,0.05253896724317425,1
0.2899801731109619,0.05018973350524902,0.02387365698814392,0.17307987979593262,0.18606980780395266,-136.8599830483135,46.859983048313495,0.18502914905548096,-1.0,-1.0,-1.0,-1.0,0.0,156.8754969517288,156.8754969517288,0.0,0.1598920226097107,0.07913458347320557,0.0,172.89244905552752,117.29226396438743,117.29226396438743,172.89244905552752,55.60018509114009,0,0,0.008385986089706421,0.03792841338931822,0.1051215445146276,0
0.19988024234771729,0.03460915386676788,0.018580883741378784,0.1731494491914855,0.14925735052347125,-140.86905151141744,50.86905151141744,0.14435848593711853,173.38162760583774,166.6321949671535,166.6321949671535,173.38162760583774,6.749432638684226,170.85586840307303,176.79415121998193,5.938282816908895,0.096865713596344,0.048550307750701904,0.03534567356109619,178.2758902926867,149.3029493990848,149.3029493990848,178.2758902926867,28.9729408936019,0,0,0.020105235278606415,0.03744482550888498,0.05784313303206963,0
0.3094068169593811,0.03418463468551636,0.024946987628936768,0.11048442636609429,0.1798849406745193,-129.6725841882073,39.67258418820731,0.1884865015745163,170.71995753784606,167.6403346677313,167.6403346677313,170.71995753784606,3.079622870114747,165.40007068951422,167.48663599250412,2.0865653029898965,0.028778955340385437,0.010133594274520874,0.011979401111602783,164.02203945169853,-1.0,164.02203945169853,164.02203945169853,0.0,1,0,0.04677632451057434,0.047724943900215304,0.0167189267900694,0
0.11434435844421387,0.045791059732437134,0.027281641960144043,0.4004662788394374,0.08809061631809968,-72.91838770437876,17.08161229562124,0.10595151782035828,-1.0,72.19293849851549,72.19293849851549,72.19293849851549,0.0,37.14541049706311,176.52392186244086,139.37851136537773,0.08432614803314209,0.05748254060745239,0.17989397048950195,177.7995413083052,128.80537284769693,128.80537284769693,177.7995413083052,48.99416846060828,0,0,0.04068012535572052,0.02890661502038516,0.059573818107831175,2
0.15217283368110657,0.04988926649093628,0.03591650724411011,0.32784607662287635,0.1064161511132806,-153.7843770005143,63.7843770005143,0.0698457658290863,-1.0,52.735643418459446,52.735643418459446,52.735643418459446,0.0,104.00473318973577,176.20359407958463,72.19886088984886,0.09242451190948486,0.045393526554107666,0.09152203798294067,139.05131244499378,125.04921301918365,125.04921301918365,139.05131244499378,14.00209942581013,1,0,0.024052351713180542,0.04864509740602676,0.017066837028000457,2
0.13428989052772522,0.021700233221054077,0.0028893351554870605,0.1615924559605914,0.14646372980569636,-140.47729735337174,50.47729735337174,0.1444483995437622,124.83374227470904,174.6846737999458,124.83374227470904,174.6846737999458,49.850931525236774,96.30424082931142,163.83135993462253,67.5271191053111,0.09926432371139526,0.07603371143341064,0.1920223832130432,152.39928719409104,145.83395275919713,145.83395275919713,152.39928719409104,6.565334434893913,0,0,0.005426540970802307,0.025755667842846722,0.09359253438797735,0
0.20452633500099182,0.05772507190704346,0.03880715370178223,0.2822378443673942,0.13537152507789352,128.22361695200487,38.223616952004875,-0.12369588017463684,178.65967403117315,179.09110579554863,178.65967403117315,179.09110579554863,0.4314317643754748,151.0720933152445,172.76044764987546,21.688354334630958,0.03585517406463623,9.113550186157227e-05,0.018314063549041748,177.11090318341547,161.89709905582785,161.89709905582785,177.11090318341547,15.213804127587622,1,0,0.030385613441467285,0.013244163185943528,0.0502033137187472,3
0.1250045895576477,0.013676315546035767,0.02161616086959839,0.10940650734850606,0.11426689265138419,164.04632756220124,74.04632756220124,-0.04953727126121521,174.95943843210867,174.33149469598987,174.33149469598987,174.95943843210867,0.6279437361187945,158.32684788186245,176.07435540726593,17.747507525403478,0.09126490354537964,0.04780298471450806,0.042115092277526855,-1.0,157.60160655348636,157.60160655348636,157.60160655348636,0.0,1,0,0.0360347181558609,0.04193334421366241,0.03276148749312394,3
0.2954372763633728,0.0719597339630127,0.047905802726745605,0.24357025913854516,0.13180440700099005,-93.74353423848021,3.7435342384802084,0.18296211957931519,175.70366812206908,177.66638495987144,175.70366812206908,177.66638495987144,1.9627168378023612,163.34433236509594,167.2218806857542,3.8775483206582635,0.02496945858001709,0.005684852600097656,0.017924904823303223,147.40613700070674,170.46882883197247,147.40613700070674,170.46882883197247,23.062691831265738,0,0,0.011547207832336426,0.06128914590948133,0.006905445927964479,3
0.2458743155002594,0.06405705213546753,0.03534656763076782,0.2605276277236853,0.13887437226869448,-86.6654064852425,3.3345935147575005,0.18530002236366272,120.10153336769847,143.10818570417638,120.10153336769847,143.10818570417638,23.006652336477913,125.83528683237853,155.53730654701118,29.702019714632655,0.01159292459487915,0.0030632615089416504,0.033963143825531006,177.29667301911772,138.88150391864846,138.88150391864846,177.29667301911772,38.41516910046926,0,0,0.021185606718063354,0.053941256080784705,0.013386927961003492,3
0.24580493569374084,0.017102956771850586,0.01438063383102417,0.06957938710050929,0.13535964222461014,-123.13828205744973,33.13828205744973,0.1351238489151001,134.8576146232988,167.8938131522074,134.8576146232988,167.8938131522074,33.03619852890861,147.18052729483207,158.64476751890166,11.464240224069584,0.050049662590026855,0.014775753021240234,0.01623588800430298,152.9633024964994,166.82254927478428,152.9633024964994,166.82254927478428,13.85924677828487,0,0,0.03140068054199219,0.037178507625868724,0.007827552894843548,3
0.24017271399497986,0.056603968143463135,0.039287447929382324,0.2356802619328617,0.09345658362358347,-86.09510565351066,3.9048943464893426,0.15437129139900208,176.26091544683928,177.80453178777378,176.26091544683928,177.80453178777378,1.5436163409345056,151.8051244936245,178.00509277922657,26.19996828560207,0.012388914823532104,0.01708388328552246,0.04092574119567871,176.50706267034502,173.51896513599885,173.51896513599885,176.50706267034502,2.988097534346167,1,0,0.007924050092697144,0.05839149128537417,0.017870989162117296,3
0.26221126317977905,0.05122804641723633,0.026736140251159668,0.19536935902754493,0.17254080834522376,-127.60225855301775,37.60225855301775,0.17540326714515686,171.98843206024281,177.05894099899007,171.98843206024281,177.05894099899007,5.070508938747253,159.18641301555235,172.62826881510995,13.441855799557601,0.12314382195472717,0.050971031188964844,0.033697307109832764,172.31412539060412,51.736860870543914,51.736860870543914,172.31412539060412,120.5772645200602,0,0,0.00722956657409668,0.02737841312753664,0.0805942263571509,0
0.3006860315799713,0.08616283535957336,0.0347561240196228,0.28655416717173726,0.17709904546339725,-111.39824795982109,21.39824795982109,0.21244272589683533,177.5991904813021,177.4766873649748,177.4766873649748,177.5991904813021,0.12250311632729449,167.9249722055637,170.131366776282,2.206394570718288,0.04891473054885864,0.038516879081726074,0.06259465217590332,160.56939709383573,24.73754782456638,24.73754782456638,160.56939709383573,135.83184926926936,0,0,0.013089880347251892,0.04089294006221674,0.05418644412164835,0
0.25091081857681274,0.06390762329101562,0.027447521686553955,0.2547025419370318,0.17229147077696497,-127.90898303045593,37.90898303045593,0.17782050371170044,-1.0,157.8341637814236,157.8341637814236,157.8341637814236,0.0,174.1802489726299,174.1802489726299,0.0,0.170413076877594,0.08259642124176025,0.0,178.9393348800169,142.7547010515279,142.7547010515279,178.9393348800169,36.18463382848901,0,0,0.010851830244064331,0.04167843911546878,0.09944172548259075,0
0.15122917294502258,0.045461833477020264,0.02731958031654358,0.30061550024840333,0.12991703465049073,-144.7154128420219,54.71541284202189,0.10980367660522461,141.38133136807105,56.42370330441823,56.42370330441823,141.38133136807105,84.9576280636528,135.71365386086464,142.3622149354886,6.648561074623956,0.11618483066558838,0.06471395492553711,0.1225319504737854,155.13447604105204,168.8062687230786,155.13447604105204,168.8062687230786,13.671792682026563,0,0,0.010198831558227539,0.04025418856816579,0.053618572982253865,1
0.10113829374313354,0.042647212743759155,0.019848376512527466,0.4216722585025274,0.13048766777106827,-148.6563352678811,58.656335267881104,0.10033673048019409,46.269229390096875,152.34914700086873,46.269229390096875,152.34914700086873,106.07991761077184,88.31051454466409,160.06662946518063,71.75611492051654,0.12192308902740479,0.06619846820831299,0.19302809238433838,173.6882228449618,171.56595811336877,171.56595811336877,173.6882228449618,2.1222647315930487,0,0,0.0182010680437088,0.054561713570245904,0.029805609060438235,1
0.13655036687850952,0.03389826416969299,0.022914648056030273,0.24824733132978458,0.14252501131682754,-147.38587936841873,57.38587936841873,0.110465407371521,119.09190949475662,169.4737479634089,119.09190949475662,169.4737479634089,50.381838468652276,125.76243097419044,166.45608163133653,40.693650657146094,0.12677478790283203,0.06825602054595947,0.15090179443359375,146.4437294848327,164.81308958828956,146.4437294848327,164.81308958828956,18.36936010345687,0,0,0.01332615315914154,0.04667138242741858,0.044655934542883406,1
0.1746501922607422,0.066520094871521,0.026542574167251587,0.3808761617176494,0.15322597946687935,-136.5533715799423,46.55337157994231,0.13991761207580566,135.40639122690988,175.49060044053974,135.40639122690988,175.49060044053974,40.08420921362986,122.88532502147186,173.42728640829816,50.5419613868263,0.09722316265106201,0.07042121887207031,0.15469110012054443,170.52043451072169,26.422034004801247,26.422034004801247,170.52043451072169,144.09840050592044,0,0,0.00030791759490966797,0.03588959609394184,0.05364399613435875,1
0.1410680115222931,0.05000579357147217,0.02352246642112732,0.3544800343596657,0.14362770254981766,-144.84766053319623,54.84766053319623,0.11480766534805298,119.37728780555602,160.60921091339802,119.37728780555602,160.60921091339802,41.23192310784199,125.8227211271465,164.86176953839384,39.03904841124735,0.12772369384765625,0.07250642776489258,0.15198296308517456,157.87882852593728,21.204877809210927,21.204877809210927,157.87882852593728,136.67395071672635,0,0,0.004513770341873169,0.04300472214481407,0.05559553306747153,1
0.11975955963134766,0.043915629386901855,0.02105104923248291,0.3666983205523304,0.10261662546818705,-127.42036539249878,37.42036539249878,0.10993257164955139,87.07261791526449,156.02287794256003,87.07261791526449,156.02287794256003,68.95026002729554,110.38338918697275,177.92606775255499,67.54267856558224,0.10316622257232666,0.06500715017318726,0.12653470039367676,171.82014745363915,102.55254951312415,102.55254951312415,171.82014745363915,69.267597940515,0,0,0.011234074831008911,0.016402088816494645,0.08023244896688345,1
0.21200871467590332,0.08604294061660767,0.054033637046813965,0.40584624433076294,0.1322700287192705,-146.79951243229021,56.799512432290214,0.0749998390674591,110.22302742041214,84.86554310595413,84.86554310595413,110.22302742041214,25.357484314458006,119.86402243028289,143.10457288621484,23.240550455931952,0.041088640689849854,0.012619554996490479,0.0021010637283325195,119.63308850912621,164.31695563055501,119.63308850912621,164.31695563055501,44.683867121428804,1,1,0.017264336347579956,0.031133881323964004,0.05292441491996124,1
0.10027767717838287,0.010370403528213501,0.006343424320220947,0.10341687023489488,0.11023464428685195,-124.56048138640486,34.56048138640486,0.1294591724872589,75.20367693940221,136.91478310115613,75.20367693940221,136.91478310115613,61.71110616175392,81.60985021267304,135.60711018903334,53.9972599763603,0.059412628412246704,0.052764892578125,0.11093929409980774,164.88898095806272,127.68723205583514,127.68723205583514,164.88898095806272,37.20174890222758,0,0,0.009302869439125061,0.020499332570307807,0.06030428029314859,1
0.12952753901481628,0.017850667238235474,0.0077626705169677734,0.13781368328316335,0.11062523238634961,-113.74172069601579,23.74172069601579,0.14398737251758575,74.61800037494169,131.78601867009073,74.61800037494169,131.78601867009073,57.16801829514904,73.70923079137428,138.1225316833585,64.4133008919842,0.04112881422042847,0.04504773020744324,0.10621756315231323,128.1448119813453,140.59980073876878,128.1448119813453,140.59980073876878,12.454988757423479,0,0,0.01087065041065216,0.029513732192795298,0.04378829236354939,1
0.1255425214767456,0.011625140905380249,0.0036025047302246094,0.09259923067208418,0.11524917102762101,-120.7410026175089,30.741002617508897,0.153569296002388,75.21205480450634,109.2264209015078,75.21205480450634,109.2264209015078,34.01436609700146,80.8164170184456,141.59719155748232,60.78077453903671,0.052830278873443604,0.0556122362613678,0.12941354513168335,177.60033077592982,119.38128524188822,119.38128524188822,177.60033077592982,58.2190455340416,0,0,0.010693714022636414,0.04369624154527044,0.053961859224972084,1
0.31987473368644714,0.09445896744728088,0.0510181188583374,0.295299870542051,0.18373471373410524,-112.41100050859461,22.41100050859461,0.2227039635181427,152.7557815848423,177.10725882581266,152.7557815848423,177.10725882581266,24.351477240970354,143.9421730049169,160.55580301947924,16.613630014562347,0.11719605326652527,0.046641767024993896,0.08183246850967407,176.99057897990306,131.08061591966634,131.08061591966634,176.99057897990306,45.90996306023672,0,0,0.0034880489110946655,0.051283461121973586,0.06672123770062159,0
0.2039354145526886,0.058994293212890625,0.028112411499023438,0.289279296302158,0.13716620888722128,-81.55686645655989,8.443133543440112,0.15701910853385925,133.02891917190092,173.43725023316904,133.02891917190092,173.43725023316904,40.408331061268115,95.65815337758264,173.6795626179726,78.02140924038997,0.006254136562347412,0.04494541883468628,0.14536410570144653,172.56772374529814,144.20475773256584,144.20475773256584,172.56772374529814,28.3629660127323,0,0,0.048992812633514404,0.028213898769697918,0.05467659091027738,2
0.10312798619270325,0.019978463649749756,0.028562724590301514,0.19372494690644235,0.12352668844260846,-169.59683798343826,79.59683798343826,0.03288063406944275,175.68333712752434,166.8796495291489,166.8796495291489,175.68333712752434,8.803687598375433,124.1098620997478,168.78361574528512,44.67375364553732,0.11619925498962402,0.058233559131622314,0.11620813608169556,156.94725659447815,150.56758799954494,150.56758799954494,156.94725659447815,6.379668594933207,1,1,0.024696916341781616,0.03709072271645008,0.052081140461541685,2
0.18998652696609497,0.05503401160240173,0.03458854556083679,0.2896732335773637,0.12810859503713576,-137.25167135918213,47.251671359182126,0.13337799906730652,133.0331792149703,157.9646781239416,133.0331792149703,157.9646781239416,24.93149890897132,133.03597741937617,158.18696866004117,25.150991240665007,0.09726235270500183,0.056634485721588135,0.136580228805542,172.55751577036466,150.70287076555232,150.70287076555232,172.55751577036466,21.85464500481234,0,0,0.025613561272621155,0.05473847518121344,0.029375621831333687,1
0.18276426196098328,0.06301021575927734,0.035088956356048584,0.34476223679183426,0.12026262014955078,-122.72655523026953,32.726555230269526,0.12278762459754944,-1.0,-1.0,-1.0,-1.0,0.0,131.45339748078632,156.26410309137853,24.81070561059221,0.14085936546325684,0.06840246915817261,0.13753432035446167,170.01197680266685,143.3547718316969,143.3547718316969,170.01197680266685,26.657204970969957,0,0,0.01833641529083252,0.04172087764970116,0.07115094303565694,1
0.17463070154190063,0.058737605810165405,0.03759521245956421,0.3363532602889532,0.14632766642266454,-135.08902015926483,45.089020159264834,0.12380656599998474,-1.0,-1.0,-1.0,-1.0,0.0,141.32262924242963,151.12102245014847,9.798393207718846,0.1401742696762085,0.07930034399032593,0.12619781494140625,171.01415126108185,145.85376945541438,145.85376945541438,171.01415126108185,25.16038180566747,0,0,0.010112330317497253,0.05354492735232155,0.04492806542297957,1
0.10712531208992004,0.03446251153945923,0.023320138454437256,0.3217027877644053,0.15219368774052347,-160.4550277739542,70.45502777395421,0.07083180546760559,-1.0,-1.0,-1.0,-1.0,0.0,139.31024903958175,162.05511984889148,22.74487080930973,0.15173786878585815,0.08193367719650269,0.14911168813705444,167.0955199218416,173.15548404979435,167.0955199218416,173.15548404979435,6.059964127952753,1,1,0.019010215997695923,0.06863539541316842,0.022047008016933434,2
0.21160119771957397,0.07552629709243774,0.029899895191192627,0.35692755006297044,0.1501077833063283,-122.59722711915755,32.59722711915755,0.169020414352417,-1.0,-1.0,-1.0,-1.0,0.0,125.39549906059939,173.32418906774348,47.928690007144084,0.12662184238433838,0.08090198040008545,0.15912318229675293,178.58616406065107,177.04998639090402,177.04998639090402,178.58616406065107,1.5361776697470475,1,0,0.026628822088241577,0.011192321922406604,0.1318771744504978,2
0.18568170070648193,0.03434157371520996,0.02016580104827881,0.18494861682409794,0.12924589460819502,-131.9998352550796,41.9998352550796,0.09429532289505005,-1.0,-1.0,-1.0,-1.0,0.0,175.2589162274146,175.2589162274146,0.0,0.14966529607772827,0.0828179121017456,0.0,-1.0,127.16977973471415,127.16977973471415,127.16977973471415,0.0,1,0,0.03451734781265259,0.06686390691051801,0.03269557254567067,2
0.2544460892677307,0.05892249941825867,0.03161829710006714,0.2315716448534598,0.13932529123176754,-136.0614220349483,46.06142203494829,0.1446336805820465,-1.0,-1.0,-1.0,-1.0,0.0,164.6454855240735,164.6454855240735,0.0,0.15302354097366333,0.08625394105911255,0.0,173.5890483564412,140.92175045553978,140.92175045553978,173.5890483564412,32.66729790090142,1,0,0.008541658520698547,0.0452470906449403,0.08491094566559064,1
0.13639602065086365,0.04695841670036316,0.022997558116912842,0.34427996122089083,0.13928270621824435,-133.9092147077196,43.9092147077196,0.131363183259964,-1.0,-1.0,-1.0,-1.0,0.0,115.47124579656807,173.65447321668663,58.183227420118556,0.15788155794143677,0.08614534139633179,0.14247149229049683,94.96579616534191,146.4014506486837,94.96579616534191,146.4014506486837,51.43565448334178,0,0,0.012960955500602722,0.03728748779483888,0.09014222735569478,1
0.2885470390319824,0.06706881523132324,0.037428319454193115,0.23243633154693147,0.14428893466250775,-126.11323304574091,36.11323304574091,0.1600867509841919,-1.0,-1.0,-1.0,-1.0,0.0,134.05076020474337,134.05076020474337,0.0,0.1631850004196167,0.07915067672729492,0.0,141.01578673168498,152.43510810727275,141.01578673168498,152.43510810727275,11.41932137558777,1,0,0.006788194179534912,0.040674047168688145,0.09786543139807855,1
0.19033634662628174,0.0744900107383728,0.0431327223777771,0.3913598850598469,0.15778324850173828,-118.77827908544762,28.778279085447622,0.18082311749458313,-1.0,-1.0,-1.0,-1.0,0.0,143.00791234371258,143.00791234371258,0.0,0.10717177391052246,0.059332430362701416,0.0,158.33106113716087,134.43685722995656,134.43685722995656,158.33106113716087,23.894203907204314,0,0,0.0034637749195098877,0.03521459279332172,0.07019090465726197,1
0.17322346568107605,0.0004247426986694336,0.0026077628135681152,0.0024519928463470004,0.13778526264251464,-119.7566163229085,29.7566163229085,0.15664145350456238,-1.0,-1.0,-1.0,-1.0,0.0,114.92758021409266,114.92758021409266,0.0,0.11186274886131287,0.07193124294281006,0.0,172.92451535125787,133.7263727637221,133.7263727637221,172.92451535125787,39.198142587535756,0,0,0.012778759002685547,0.017042737823894035,0.08414478309954276,1
0.17934441566467285,0.015206098556518555,0.008258044719696045,0.0847871315098541,0.127379834963637,-109.47731014259651,19.477310142596508,0.1661551296710968,-1.0,-1.0,-1.0,-1.0,0.0,108.66314382077162,108.66314382077162,0.0,0.10914364457130432,0.06487852334976196,0.0,172.5268686289655,128.96450805660484,128.96450805660484,172.5268686289655,43.56236057236066,0,0,0.011411964893341064,0.0192623694982313,0.0868726130767738,1
0.180355042219162,0.020026564598083496,0.00937342643737793,0.11103967125991311,0.10517779201180442,-96.14154574346763,6.141545743467631,0.16939789056777954,-1.0,-1.0,-1.0,-1.0,0.0,107.15089208770567,107.15089208770567,0.0,0.11169251799583435,0.06060868501663208,0.0,158.25470595910443,145.9154855483653,145.9154855483653,158.25470595910443,12.33922041073913,0,0,0.03274446725845337,0.0468582218302659,0.08596331778843887,1
0.13568535447120667,0.03492158651351929,0.019871413707733154,0.257371819159229,0.13158146852114988,-137.00767469376072,47.00767469376072,0.1277335286140442,107.21754481012677,146.52503181622478,107.21754481012677,146.52503181622478,39.307487006098015,117.73184965116472,171.4283967593391,53.696547108174386,0.09986254572868347,0.0634351372718811,0.12302720546722412,176.58298491651442,124.71321357048835,124.71321357048835,176.58298491651442,51.86977134602607,0,0,0.0025044679641723633,0.02129855181650289,0.07234871831704774,1
0.21364253759384155,0.067812979221344,0.03463888168334961,0.3174132828840672,0.15209366333402624,-125.35509851440649,35.35509851440649,0.14997562766075134,130.79013367117463,161.79272595160063,130.79013367117463,161.79272595160063,31.002592280426,138.64764143797268,166.86372571268333,28.216084274710653,0.08565497398376465,0.05177837610244751,0.11045944690704346,170.22131603251498,144.53233194905832,144.53233194905832,170.22131603251498,25.68898408345666,0,0,0.008132487535476685,0.03084650878406618,0.04970181493411846,1
0.24862703680992126,0.07981294393539429,0.044850707054138184,0.32101474143543113,0.15309714740119476,-118.44687376053479,28.446873760534785,0.1646224558353424,146.95089759447046,160.4821198529928,146.95089759447046,160.4821198529928,13.531222258522348,143.12715606424428,162.24118004196333,19.114023977719057,0.08084148168563843,0.044789791107177734,0.10130977630615234,155.8027893069686,159.9134166246994,155.8027893069686,159.9134166246994,4.110627317730803,0,0,0.0014169514179229736,0.043691772006167515,0.033275184707211136,1
0.28390637040138245,0.0914839506149292,0.054264724254608154,0.322232820931741,0.15521569225759438,-111.98155415076577,21.981554150765774,0.1638932228088379,160.1611135494812,134.18570439338026,134.18570439338026,160.1611135494812,25.975409156100937,156.5638723312297,161.64080145774628,5.076929126516575,0.05231836438179016,0.029067277908325195,0.0733293890953064,144.3788470481188,171.6192370558462,144.3788470481188,171.6192370558462,27.2403900077274,0,0,0.010151028633117676,0.05349534945530487,0.0037523881032511947,1
0.30276063084602356,0.09076854586601257,0.05645948648452759,0.2998030015077329,0.16225945831334387,-111.77749511217,21.77749511217,0.17392295598983765,171.66271464966022,96.59730149949921,96.59730149949921,171.66271464966022,75.065413150161,155.5593441217243,170.25714533839135,14.697801216667045,0.049093395471572876,0.02187347412109375,0.04865294694900513,137.70485720759385,176.54322865117422,137.70485720759385,176.54322865117422,38.83837144358037,0,0,0.018266752362251282,0.04814334343537037,0.01618548860819119,1
0.28752440214157104,0.08488452434539795,0.0479123592376709,0.29522546160656854,0.15847278644406443,-111.77516954221556,21.775169542215565,0.17902463674545288,152.55950654110364,120.21290051580034,120.21290051580034,152.55950654110364,32.3466060253033,142.56610462818017,174.21913213162628,31.65302750344611,0.002947986125946045,0.005106031894683838,0.021114766597747803,139.48404461272196,165.92293787740115,139.48404461272196,165.92293787740115,26.438893264679194,0,0,0.04948526620864868,0.023176274604315015,0.0707210766523423,1
0.23872968554496765,0.04256170988082886,0.03306156396865845,0.17828411151998036,0.14299270291036678,-113.40366483034252,23.40366483034252,0.16673672199249268,131.15432834837034,99.47045966671102,99.47045966671102,131.15432834837034,31.68386868165932,113.91446972356346,146.21527864552692,32.300808921963466,0.03134813904762268,0.03666055202484131,0.09634047746658325,134.0206182849679,160.29890930898816,134.0206182849679,160.29890930898816,26.278291024020263,1,0,0.051771968603134155,0.03154591655218472,0.05147231602042343,1
0.1201620101928711,0.03087383508682251,0.011946022510528564,0.25693507488154665,0.1292547893380497,-139.3524177797501,49.35241777975011,0.12847721576690674,77.1714271704504,159.83621916105193,77.1714271704504,159.83621916105193,82.66479199060153,110.98642089908843,168.97544025658817,57.98901935749974,0.08841794729232788,0.05880439281463623,0.12431752681732178,161.1818607250094,123.52696499018764,123.52696499018764,161.1818607250094,37.65489573482175,0,0,0.005331218242645264,0.023795066418844987,0.07674625016844812,1
0.23818054795265198,0.010796725749969482,0.012359380722045898,0.04533000634508477,0.14950297146914318,-107.09399376638532,17.093993766385324,0.20913201570510864,88.53575635930721,95.99693607376817,88.53575635930721,95.99693607376817,7.461179714460954,102.0500635083478,111.42523934098108,9.375175832633275,0.026095420122146606,0.03123992681503296,0.020214557647705078,122.04456753956804,-1.0,122.04456753956804,122.04456753956804,0.0,0,0,0.04439648985862732,0.0607887219722023,0.027350964944212373,1
0.25365662574768066,0.001495361328125,0.001538097858428955,0.0058952188759795205,0.14476006671351455,-102.48239433931408,12.482394339314084,0.2229900062084198,80.91306378146514,-1.0,80.91306378146514,80.91306378146514,0.0,97.28123004756986,97.28123004756986,0.0,0.04685318470001221,0.03980964422225952,0.0,161.33179257186316,-1.0,161.33179257186316,161.33179257186316,0.0,1,0,0.03752148151397705,0.06599858644450395,0.04262348238263751,1
0.13400858640670776,0.02452850341796875,0.02461618185043335,0.1830368043994305,0.11916734113325927,-16.66073484836477,73.33926515163523,0.05165809392929077,131.27049073199285,113.62507765885815,113.62507765885815,131.27049073199285,17.645413073134705,87.21323341989077,96.03052544344784,8.817292023557073,0.06900733709335327,0.02295827865600586,0.06802964210510254,162.84116422794835,84.20886739809391,84.20886739809391,162.84116422794835,78.63229682985444,1,1,0.04225689172744751,0.05474489194959015,0.015991273679960026,2
0.11798235774040222,0.0065052807331085205,0.022527694702148438,0.05513774141912095,0.12311608104970748,-175.01379266369693,85.01379266369693,0.017598360776901245,160.03240983297337,115.27725251317926,115.27725251317926,160.03240983297337,44.75515731979411,126.11246167212605,139.86005292601354,13.747591253887492,0.05229562520980835,0.03765922784805298,0.03881341218948364,160.5102277172967,-1.0,160.5102277172967,160.5102277172967,0.0,1,1,0.034533724188804626,0.03162691760273455,0.029172361251518217,2
0.10534128546714783,0.06694257259368896,0.03640115261077881,0.6354827767368185,0.0954116633381226,-115.90043268009345,25.900432680093445,0.07044294476509094,133.45413727268854,155.79586990167928,133.45413727268854,155.79586990167928,22.34173262899074,100.73368635523987,141.60825263124613,40.87456627600626,0.08071374893188477,0.04673582315444946,0.12756997346878052,165.507267510901,163.56131694410297,163.56131694410297,165.507267510901,1.9459505667980181,1,1,0.019223034381866455,0.05595690027736412,0.0030712133311144307,2
0.21557259559631348,0.06649458408355713,0.04171893000602722,0.3084556452995376,0.13370688546938175,-128.12345376809745,38.12345376809745,0.13962393999099731,150.57916424840042,145.15180158594285,145.15180158594285,150.57916424840042,5.427362662457568,143.973660422655,148.1928297732984,4.219169350643398,0.0719350278377533,0.03812730312347412,0.09782826900482178,153.40691545586003,155.2406550652792,153.40691545586003,155.2406550652792,1.8337396094191831,0,0,0.018018901348114014,0.05305257774609436,0.0071879097113779974,1
0.24434033036231995,0.07412320375442505,0.04616233706474304,0.3033604957663415,0.14270034063451903,-125.60982799468057,35.60982799468057,0.15835115313529968,146.02486821638456,132.79169355173778,132.79169355173778,146.02486821638456,13.233174664646782,151.16522678706528,151.26197732049624,0.09675053343096351,0.07213827967643738,0.03777265548706055,0.08813643455505371,177.27253435218157,167.1445907750193,167.1445907750193,177.27253435218157,10.127943577162256,0,0,0.02221536636352539,0.05956359460933434,0.008380192486165429,1
0.21013078093528748,0.07717746496200562,0.04339855909347534,0.36728300641386485,0.13196754609357322,-121.36901025948627,31.369010259486274,0.14459452033042908,132.18611798077654,169.15661240674356,132.18611798077654,169.15661240674356,36.97049442596702,128.60126408967383,156.84073096582347,28.239466876149635,0.07261288166046143,0.04534447193145752,0.12862467765808105,107.55375948203366,133.62222394778289,107.55375948203366,133.62222394778289,26.06846446574923,0,0,0.008829087018966675,0.04858757828533053,0.02019880541951137,1
0.17149406671524048,0.05512949824333191,0.034635186195373535,0.32146592182032974,0.11962453871892496,-130.63458908025243,40.634589080252425,0.12574917078018188,136.39016229284968,178.9345572725321,136.39016229284968,178.9345572725321,42.54439497968241,139.47355821224906,143.92123108977154,4.4476728775224785,0.11016836762428284,0.05822628736495972,0.10415834188461304,163.72660770146803,83.64758610952492,83.64758610952492,163.72660770146803,80.0790215919431,0,0,0.003067806363105774,0.028468665925113556,0.0719804910517212,1
0.19779688119888306,0.06332278251647949,0.03791952133178711,0.3201404498021836,0.12697327005361528,-124.59004913003005,34.59004913003005,0.14068752527236938,144.30773765099337,168.57779103785097,144.30773765099337,168.57779103785097,24.270053386857597,137.58100466001036,156.33949414746417,18.7584894874538,0.08510461449623108,0.04725104570388794,0.11114150285720825,16.25278558240283,148.90060055648613,16.25278558240283,148.90060055648613,132.6478149740833,0,0,0.0009423494338989258,0.03325984860265079,0.05106549150304789,1
0.26274627447128296,0.07636681199073792,0.038848936557769775,0.2906485054618138,0.1818351874445857,-124.22508061840126,34.225080618401265,0.20779109001159668,174.6769873114432,159.36544459088276,159.36544459088276,174.6769873114432,15.311542720560453,164.90668450791247,167.15564508771092,2.2489605797984495,0.12224480509757996,0.05182480812072754,0.0367053747177124,177.73008427182037,70.39838607787759,70.39838607787759,177.73008427182037,107.33169819394278,0,0,0.0012162476778030396,0.036967628025884845,0.0912922574136949,0
0.145626038312912,0.050931960344314575,0.0393238365650177,0.34974487347431105,0.13782172353426042,-160.72854308161624,70.72854308161624,0.06909582018852234,174.09348570034848,154.45323991758767,154.45323991758767,174.09348570034848,19.640245782760815,144.42930557925285,177.41412208273115,32.9848165034783,0.08831533789634705,0.03743225336074829,0.03608983755111694,130.35208688221283,169.6111231539816,130.35208688221283,169.6111231539816,39.259036271768764,1,1,0.04069586098194122,0.031027280589244706,0.0591558959800119,0
0.3858560621738434,0.01178586483001709,0.0132216215133667,0.030544718576190448,0.20666613050643998,-116.05966109535444,26.059661095354443,0.2751089632511139,-1.0,173.69956536754614,173.69956536754614,173.69956536754614,0.0,168.3502552392622,168.3502552392622,0.0,0.024571627378463745,0.006076335906982422,0.0,-1.0,159.54149861698198,159.54149861698198,159.54149861698198,0.0,1,0,0.006047099828720093,0.08680639341956209,0.02374665086692518,0
0.18345922231674194,0.03844809532165527,0.021397948265075684,0.20957297668729197,0.10514505081151478,-143.13923772507553,53.13923772507553,0.09606936573982239,70.48925885165171,63.26097919332052,63.26097919332052,70.48925885165171,7.228279658331189,117.07823202921037,149.80105977278197,32.7228277435716,0.08523082733154297,0.05769425630569458,0.06492996215820312,90.0025915720834,73.45853164903026,73.45853164903026,90.0025915720834,16.54405992305314,0,0,0.02767890691757202,0.053813787874622994,0.005638794753066008,3
0.12130847573280334,0.06208866834640503,0.03052210807800293,0.511824651751151,0.1162577214073961,-116.08971405427567,26.089714054275674,0.1465398669242859,67.02228492401655,123.64791982524612,67.02228492401655,123.64791982524612,56.625634901229574,52.55820206818419,154.19959216889055,101.64139010070636,0.026546001434326172,0.03296387195587158,0.12824267148971558,156.21326680539389,119.07276238056232,119.07276238056232,156.21326680539389,37.14050442483156,0,0,0.0038943588733673096,0.042229419140656574,0.026245897436992127,3
0.10974209010601044,0.012225985527038574,0.024876058101654053,0.11140653066866431,0.1238908584055305,162.95718999938774,72.95718999938774,-0.05229482054710388,178.32965663219335,175.56435254440808,175.56435254440808,178.32965663219335,2.7653040877852675,147.79491378365063,165.27150638512876,17.47659260147813,0.087005615234375,0.04445129632949829,0.0807712972164154,151.5787213976705,125.50212159482565,125.50212159482565,151.5787213976705,26.076599802844854,1,0,0.026923716068267822,0.03182487221263925,0.039247942199376516,3
0.1935778558254242,0.05450946092605591,0.037099361419677734,0.2815893413718488,0.1377173015119331,140.49415804671557,50.49415804671557,-0.118141770362854,175.51344741743674,178.16265716344273,175.51344741743674,178.16265716344273,2.649209746005994,157.32952316413179,175.002357272604,17.672834108472216,0.057916998863220215,0.01937580108642578,0.004294335842132568,-1.0,156.33031757732604,156.33031757732604,156.33031757732604,0.0,1,0,0.0387018620967865,0.030045056400323962,0.04247098105351812,3
0.28499218821525574,0.06418460607528687,0.04553115367889404,0.2252153172240917,0.12273996312739072,-91.93375616406553,1.933756164065528,0.17570152878761292,174.04831753231673,177.66873819958764,174.04831753231673,177.66873819958764,3.6204206672709063,163.95420098362308,171.2619533003638,7.307752316740732,0.023713231086730957,0.007101118564605713,0.030363142490386963,158.30551350649972,177.35242422671453,158.30551350649972,177.35242422671453,19.04691072021481,0,0,0.01187029480934143,0.0603393555864795,0.007774423357197677,3
0.2603628635406494,0.06138741970062256,0.032003045082092285,0.23577640399948355,0.17269246859018214,-127.79568705820077,37.79568705820077,0.19134318828582764,177.81932943032874,176.06995840211727,176.06995840211727,177.81932943032874,1.7493710282114705,146.8128411470869,167.4025190163461,20.58967786925919,0.14608371257781982,0.0650784969329834,0.10843789577484131,13.049474344199215,151.72956409802612,13.049474344199215,151.72956409802612,138.6800897538269,0,0,0.004841804504394531,0.027543451953145334,0.11358367709919662,0
0.2778284549713135,0.004671722650527954,0.0012962818145751953,0.01681513382425253,0.15541408179130067,-119.71845725557232,29.718457255572318,0.19799911975860596,-1.0,174.9527147752528,174.9527147752528,174.9527147752528,0.0,171.4861328306672,171.4861328306672,0.0,0.13520210981369019,0.07369387149810791,0.0,172.6484967798745,144.51253978872748,144.51253978872748,172.6484967798745,28.135956991147026,0,0,0.022335395216941833,0.02676019146573546,0.12819844946941442,0
0.22696751356124878,0.06457754969596863,0.03002268075942993,0.28452331649895757,0.1692545161242808,-127.14398980088494,37.14398980088494,0.1711323857307434,172.30470019379408,173.68960108044752,172.30470019379408,173.68960108044752,1.3849008866534405,150.30848100543892,176.3564595719814,26.04797856654247,0.15700507164001465,0.07484948635101318,0.08967900276184082,166.81794687626845,172.66609240384966,166.81794687626845,172.66609240384966,5.8481455275812095,0,0,0.01551760733127594,0.03756108528456569,0.09477200706259098,0
0.28473564982414246,0.07359394431114197,0.04100954532623291,0.2584641029551264,0.1698559461641026,-118.96325396864042,28.963253968640416,0.22320739924907684,-1.0,178.49893809841333,178.49893809841333,178.49893809841333,0.0,175.79584799412896,175.79584799412896,0.0,0.06013083457946777,0.028005212545394897,0.0,-1.0,178.7083142754131,178.7083142754131,178.7083142754131,0.0,0,0,0.00813041627407074,0.06416387644400624,0.04558664972705473,0
0.15780866146087646,0.0403745174407959,0.034717440605163574,0.25584474937584745,0.15395435855510384,-71.48485360053876,18.515146399461244,0.17936095595359802,-1.0,42.81516672971414,42.81516672971414,42.81516672971414,0.0,68.08597848021503,68.08597848021503,0.0,0.031478047370910645,0.00221174955368042,0.0,-1.0,115.94982654983728,115.94982654983728,115.94982654983728,0.0,0,0,0.03641873598098755,0.044456783636092366,0.01301008143119163,3
0.19060713052749634,0.05680614709854126,0.0266573429107666,0.2980273977229126,0.09914668801838512,-116.80820529814241,26.80820529814241,0.11058375239372253,-1.0,-1.0,-1.0,-1.0,0.0,167.99813614683117,167.99813614683117,0.0,0.0952785313129425,0.05520385503768921,0.0,162.74459146434572,121.64658210956796,121.64658210956796,162.74459146434572,41.09800935477776,0,0,0.017505377531051636,0.019713451087224505,0.07152843868023473,3
0.189802885055542,0.009277164936065674,0.009653031826019287,0.04887789210027497,0.1448950853812621,-70.95787355984913,19.042126440150867,0.16465261578559875,55.11663619108606,91.29099215480267,55.11663619108606,91.29099215480267,36.17435596371661,85.9130615409661,122.2886320205464,36.375570479580304,0.027808189392089844,0.0048310160636901855,0.05848360061645508,-1.0,157.95036788295104,157.95036788295104,157.95036788295104,0.0,0,0,0.03615918755531311,0.041236269686701604,0.004984762839761278,3
0.26627694070339203,0.06534317135810852,0.03920853137969971,0.24539553137984557,0.15490494695902304,-116.76892343952815,26.76892343952815,0.1820562332868576,174.7753745021578,146.5895578332445,146.5895578332445,174.7753745021578,28.185816668913304,170.920433465707,173.1023754859346,2.181942020227609,0.04548732936382294,0.020306706428527832,0.0011327862739562988,172.33764546615134,178.6964855331785,172.33764546615134,178.6964855331785,6.35884006702716,0,0,0.014422103762626648,0.0492156304804213,0.01329065752408009,0
0.10650146007537842,0.03646835684776306,0.021947085857391357,0.34242119142734656,0.08998556779544861,-157.08364336864065,67.08364336864065,0.05383402109146118,145.9418555670332,76.20654273386478,76.20654273386478,145.9418555670332,69.73531283316842,98.47719760151467,177.0223446828434,78.54514708132872,0.06661590933799744,0.03934985399246216,0.07069820165634155,161.9846486385155,170.63061821543144,161.9846486385155,170.63061821543144,8.645969576915945,1,0,0.020513370633125305,0.037477214464611386,0.01104580651702939,3
0.30996525287628174,0.06258207559585571,0.021078765392303467,0.2019002937107743,0.20498627939270983,-129.54274736645198,39.54274736645198,0.2252751588821411,-1.0,-1.0,-1.0,-1.0,0.0,179.03200883130486,179.03200883130486,0.0,0.15606838464736938,0.08690106868743896,0.0,166.73622208695915,157.85155847472242,157.85155847472242,166.73622208695915,8.884663612236722,0,0,0.006821423768997192,0.02474325273479706,0.1394785751602141,0
0.15969622135162354,0.007512032985687256,0.005396783351898193,0.04703951616455004,0.11373794404756954,-104.2857213152022,14.285721315202196,0.1833847165107727,-1.0,-1.0,-1.0,-1.0,0.0,86.98044731836382,86.98044731836382,0.0,0.07447463274002075,0.044606804847717285,0.0,-1.0,129.09613195601395,129.09613195601395,129.09613195601395,0.0,0,0,0.01566651463508606,0.048397059429936516,0.07100189618872432,1
0.17282462120056152,0.00588071346282959,0.004654884338378906,0.03402705830904192,0.12033601813741497,-111.11380980226814,21.113809802268136,0.17091411352157593,-1.0,-1.0,-1.0,-1.0,0.0,104.61379779839694,104.61379779839694,0.0,0.08661335706710815,0.04994916915893555,0.0,-1.0,125.41604552422609,125.41604552422609,125.41604552422609,0.0,0,0,0.0017936229705810547,0.01878519452426348,0.08668461864083735,1
0.1666644811630249,0.018742620944976807,0.007409989833831787,0.11245720032358594,0.10875019713990246,-105.75153380613101,15.751533806131008,0.17905479669570923,-1.0,-1.0,-1.0,-1.0,0.0,92.18461733192642,92.18461733192642,0.0,0.0810343325138092,0.05323004722595215,0.0,117.54685276295686,123.11585787058418,117.54685276295686,123.11585787058418,5.569005107627319,0,0,0.011509448289871216,0.046589770487887844,0.0761117294457867,1
0.1405976414680481,0.009100675582885742,1.233816146850586e-05,0.06472850815889356,0.12039738509560007,-124.45209345832701,34.45209345832701,0.1580289900302887,-1.0,-1.0,-1.0,-1.0,0.0,94.40765172496754,94.40765172496754,0.0,0.09021443128585815,0.06651085615158081,0.0,169.28258997010488,150.17940241598555,150.17940241598555,169.28258997010488,19.10318755411933,0,0,0.010220766067504883,0.016743410134305824,0.09024953656337947,1
0.11146208643913269,0.03578752279281616,0.017525434494018555,0.32107350522600386,0.12487595217615485,-135.8183080168778,45.81830801687781,0.1248113214969635,-1.0,-1.0,-1.0,-1.0,0.0,88.71008850615046,161.02757215622853,72.31748365007807,0.10806909203529358,0.06447255611419678,0.126204252243042,155.5345860113741,127.73383735598397,127.73383735598397,155.5345860113741,27.800748655390137,0,0,0.006377488374710083,0.02898794902650053,0.06394790001875089,1
0.11047706007957458,0.046834707260131836,0.021381795406341553,0.42393151326074086,0.12094204692559843,-136.16683874910711,46.166838749107114,0.11379694938659668,-1.0,142.47243600078525,142.47243600078525,142.47243600078525,0.0,104.45975054131816,174.0580977385606,69.59834719724245,0.09860575199127197,0.060536980628967285,0.1231793761253357,177.4614880277109,137.84995642048887,137.84995642048887,177.4614880277109,39.61153160722205,0,0,0.0002664327621459961,0.028851944616397084,0.055911493379307516,1
0.17983478307724,0.061576247215270996,0.02480226755142212,0.34240454578146695,0.1504353223568707,-132.13684063745015,42.13684063745015,0.14970430731773376,-1.0,-1.0,-1.0,-1.0,0.0,119.50995441397144,175.39566355128298,55.88570913731154,0.09753629565238953,0.06032514572143555,0.13313645124435425,170.9617729460873,110.6146328876266,110.6146328876266,170.9617729460873,60.34714005846071,0,0,0.0017058253288269043,0.030281200484836734,0.06455901933406516,1
0.18651968240737915,0.059795916080474854,0.03229910135269165,0.3205877004973347,0.1432152476961954,-127.64376016161908,37.643760161619085,0.1421729326248169,-1.0,-1.0,-1.0,-1.0,0.0,122.7393327025001,167.4584959570106,44.71916325451049,0.1024705171585083,0.05483359098434448,0.13399511575698853,174.54203922928363,143.36823102500026,143.36823102500026,174.54203922928363,31.173808204283375,0,0,0.008446544408798218,0.02926205409070124,0.06177529219753743,1
0.23466455936431885,0.08388346433639526,0.05133664608001709,0.35746115460991035,0.15092497040898567,-124.3040248266618,34.3040248266618,0.16418972611427307,-1.0,140.11319502480995,140.11319502480995,140.11319502480995,0.0,142.49049724971258,150.421278755736,7.930781506023436,0.09115070104598999,0.053738951683044434,0.0876275897026062,140.7275428874255,122.08326594453075,122.08326594453075,140.7275428874255,18.64427694289475,0,0,0.00952330231666565,0.05299604351218726,0.031938539988018155,1
0.2521475553512573,0.08901256322860718,0.051507651805877686,0.3530177522625873,0.15971166380602345,-122.44730156521666,32.44730156521666,0.16683697700500488,-1.0,157.08494362098705,157.08494362098705,157.08494362098705,0.0,145.97341759988413,158.32980648806182,12.35638888817769,0.07824990153312683,0.0497739315032959,0.1158456802368164,139.1479589486445,136.16184653581197,136.16184653581197,139.1479589486445,2.9861124128325116,0,0,0.004500001668930054,0.05077008658131311,0.025541210973536684,1
0.18613067269325256,0.08380746841430664,0.04242664575576782,0.4502614598746075,0.11214555085055543,-63.15015060417932,26.849849395820677,0.13210463523864746,-1.0,-1.0,-1.0,-1.0,0.0,102.7122135113985,135.076730863544,32.364517352145484,0.022390127182006836,0.0027698874473571777,0.003963112831115723,117.65346978607869,151.954735137315,117.65346978607869,151.954735137315,34.30126535123631,1,0,0.0025472640991210938,0.0438655178676816,0.01712561333656111,2
0.2986867427825928,0.0915076732635498,0.046794116497039795,0.30636670516761483,0.18998004571435584,-114.9995536691001,24.999553669100095,0.22063076496124268,178.90004026246993,175.9130775286641,175.9130775286641,178.90004026246993,2.986962733805825,169.20401116687452,176.04383740519958,6.83982623832506,0.0890069454908371,0.05407339334487915,0.05171346664428711,178.3682804007828,163.5676737400482,163.5676737400482,178.3682804007828,14.800606660734587,0,0,0.002037942409515381,0.043851205656982896,0.060220409293325,0
0.3564417064189911,0.012487351894378662,0.005860865116119385,0.03503336357530506,0.19068490392245915,-103.87631630327333,13.876316303273327,0.2604706436395645,-1.0,172.7725363201155,172.7725363201155,172.7725363201155,0.0,173.54226669810328,173.54226669810328,0.0,0.05612468719482422,0.034374624490737915,0.0,-1.0,146.9075993688898,146.9075993688898,146.9075993688898,0.0,1,0,0.02094915509223938,0.06110980668425944,0.05071225392521625,0
0.2516832649707794,0.0790238082408905,0.02973639965057373,0.3139811788839644,0.1921380145020588,-134.52138139112859,44.521381391128585,0.20371165871620178,170.78249577307048,173.5012561663314,170.78249577307048,173.5012561663314,2.718760393260908,163.2815282742752,168.7113241384181,5.429795864142903,0.10933327674865723,0.04125279188156128,0.04537755250930786,-1.0,173.6207937856239,173.6207937856239,173.6207937856239,0.0,0,0,0.030749216675758362,0.07027522205219904,0.03800545782212335,0
0.3379788398742676,0.03823566436767578,0.010064303874969482,0.11313034976361222,0.20256190581725522,-122.00821440697767,32.00821440697767,0.2537625730037689,-1.0,148.60270782370569,148.60270782370569,148.60270782370569,0.0,179.01050891885743,179.01050891885743,0.0,0.06373438239097595,0.046302616596221924,0.0,119.0632299161331,137.98275194850103,119.0632299161331,137.98275194850103,18.919522032367937,0,0,0.009166479110717773,0.06576468561659825,0.06604750477104614,0
0.1323603093624115,0.07498663663864136,0.03444620966911316,0.5665341596726166,0.07463599888567761,-119.60933161414508,29.609331614145077,0.07321974635124207,-1.0,-1.0,-1.0,-1.0,0.0,125.15252882980269,134.8373169694668,9.684788139664107,0.06018495559692383,0.03813248872756958,0.11202853918075562,175.81798453378244,151.75374025850445,151.75374025850445,175.81798453378244,24.064244275277986,1,0,0.0069786906242370605,0.03704252518061656,0.02222980238264969,2
0.13411808013916016,0.04741311073303223,0.025559574365615845,0.35351766655052513,0.13641747967278323,-104.77735894133157,14.77735894133157,0.192856103181839,-1.0,-1.0,-1.0,-1.0,0.0,61.83900040104684,61.83900040104684,0.0,0.004167795181274414,0.009473145008087158,0.0,-1.0,137.0598746026195,137.0598746026195,137.0598746026195,0.0,0,0,0.013551205396652222,0.06944784693249487,0.005068711270005036,2
0.18860629200935364,0.09207463264465332,0.048410654067993164,0.4881843106278078,0.1175038094459222,-145.0745261511025,55.0745261511025,0.09373825788497925,174.54926857037,124.04180974070849,124.04180974070849,174.54926857037,50.507458829661516,134.84437684298535,169.630718295766,34.78634145278065,0.11508017778396606,0.06030428409576416,0.07163053750991821,170.19741759217897,26.566324199207347,26.566324199207347,170.19741759217897,143.63109339297162,1,0,0.02546590566635132,0.06437836858944095,0.02527111215880548,0
0.20492994785308838,0.029711782932281494,0.012914061546325684,0.14498507047677328,0.13904789581489546,-131.30702611414517,41.307026114145174,0.15268778800964355,-1.0,157.39669271522976,157.39669271522976,157.39669271522976,0.0,167.39942576009156,167.39942576009156,0.0,0.17756962776184082,0.0933237075805664,0.0,-1.0,152.98571798603265,152.98571798603265,152.98571798603265,0.0,1,0,0.014626622200012207,0.03258680541719286,0.13110201481281702,0
0.26277318596839905,0.05804446339607239,0.0319080650806427,0.2208918812707655,0.17150811001388813,-126.65902577177778,36.65902577177778,0.20195099711418152,167.03622238944686,169.87850785500794,167.03622238944686,169.87850785500794,2.8422854655610763,162.1100837255928,173.7120760989835,11.601992373390686,0.10088273882865906,0.051408231258392334,0.0697208046913147,178.8832896712927,158.28161203704641,158.28161203704641,178.8832896712927,20.601677634246272,0,0,0.013051792979240417,0.043735577429342115,0.07021245296746836,0
0.327350378036499,0.03355807065963745,0.009733378887176514,0.10251422607459394,0.2070573592157605,-124.36296744590456,34.36296744590456,0.25338348746299744,-1.0,178.869210677721,178.869210677721,178.869210677721,0.0,169.7914007340653,169.7914007340653,0.0,0.07386797666549683,0.039575278759002686,0.0,-1.0,140.07522178232588,140.07522178232588,140.07522178232588,0.0,1,0,0.003510206937789917,0.05962999998594762,0.0739231058752226,0
0.11060523986816406,0.029973477125167847,0.012475579977035522,0.2709950917415372,0.11395715667298498,-162.24043907684327,72.24043907684327,0.0584663450717926,113.91750155108271,103.55587105967045,103.55587105967045,113.91750155108271,10.361630491412257,163.1305574008449,177.57147236565703,14.440914964812123,0.0831068754196167,0.053637683391571045,0.04098987579345703,173.95640701934818,-1.0,173.95640701934818,173.95640701934818,0.0,0,0,0.033808633685112,0.054806515007885456,0.003345679731638865,3
0.10439908504486084,0.034910887479782104,0.014063715934753418,0.33439840459119646,0.12396959522649324,-123.48350238619355,33.48350238619355,0.15119799971580505,-1.0,132.5269302165983,132.5269302165983,132.5269302165983,0.0,54.77204788450288,130.16793348235964,75.39588559785676,0.018657922744750977,0.036693036556243896,0.1320725679397583,-1.0,127.44850143489425,127.44850143489425,127.44850143489425,0.0,0,0,0.002134189009666443,0.047372530302746234,0.019065610877171645,3
0.1057499349117279,0.019654542207717896,0.024446547031402588,0.1858586695502369,0.1044897385619555,-174.07550326004647,84.07550326004647,0.018147140741348267,98.62047868311909,49.53603931285362,49.53603931285362,98.62047868311909,49.08443937026547,85.7566791396385,115.08301198757644,29.326332847937934,0.06759893894195557,0.04395562410354614,0.0754747986793518,173.02010171870515,-1.0,173.02010171870515,173.02010171870515,0.0,0,1,0.029582694172859192,0.0338059426836234,0.022465316031220282,3
0.27404657006263733,0.09073719382286072,0.04455578327178955,0.33110136646527416,0.14699366938608835,-95.19046878159723,5.190468781597232,0.19958457350730896,163.3183971872236,176.05435302858606,163.3183971872236,176.05435302858606,12.735955841362454,142.09527044574799,177.01837628923226,34.92310584348428,0.06585836410522461,0.04289746284484863,0.07574141025543213,170.9617153888583,142.21499597667247,142.21499597667247,170.9617153888583,28.746719412185826,0,0,0.0250595360994339,0.03208240318037474,0.08274605177811499,0
0.10704836249351501,0.0280703604221344,0.015134304761886597,0.2622212966950793,0.10525554008228033,-170.77930651934201,80.77930651934201,0.028754591941833496,130.2493821278848,-1.0,130.2493821278848,130.2493821278848,0.0,125.47809474506514,168.63568785366436,43.15759310859923,0.06724357604980469,0.04523158073425293,0.07309943437576294,130.88110940715026,-1.0,130.88110940715026,130.88110940715026,0.0,0,1,0.035234227776527405,0.03128166059130092,0.034935362636955715,3
0.19991815090179443,0.054217010736465454,0.03700906038284302,0.27119603943865217,0.11934744343716583,-135.8985781430957,45.898578143095705,0.1340797245502472,176.32968689012952,176.43097923913726,176.32968689012952,176.43097923913726,0.10129234900773554,140.72376540932106,154.73285874124022,14.00909333191916,0.06560856103897095,0.04442542791366577,0.11643528938293457,177.24746415051854,154.7682894514097,154.7682894514097,177.24746415051854,22.479174699108853,0,0,0.03469626605510712,0.06193049077162395,0.008034833666298272,3
0.17030474543571472,0.046257227659225464,0.03138536214828491,0.2716144376416468,0.10896054598897689,-143.6107300271072,53.610730027107195,0.11532622575759888,173.89480863074056,178.17435376290618,173.89480863074056,178.17435376290618,4.279545132165623,137.22002023460394,148.14933176452993,10.929311529925997,0.07615798711776733,0.05248582363128662,0.14056116342544556,172.65704835598882,173.89814282126133,172.65704835598882,173.89814282126133,1.2410944652725107,0,0,0.03783576190471649,0.061027054015502985,0.019254739089230186,3
0.158963143825531,0.0444963276386261,0.035890042781829834,0.2799160017083127,0.11121260062836844,146.12546292762045,56.12546292762045,-0.07774752378463745,161.92351923094614,176.54582949437386,161.92351923094614,176.54582949437386,14.622310263427721,136.2746406604725,167.43175352136166,31.157112860889157,0.032576680183410645,0.004664182662963867,0.014847040176391602,-1.0,153.25456600177293,153.25456600177293,153.25456600177293,0.0,1,0,0.026321515440940857,0.004140630487194291,0.053931498479790355,3
0.10579943656921387,0.05964595079421997,0.016457796096801758,0.563764351950964,0.08547355579166545,-27.132085976820907,62.8679140231791,0.06317350268363953,124.31343293818306,129.30005276606403,124.31343293818306,129.30005276606403,4.986619827880972,138.8550124530027,152.3150049895649,13.459992536562197,0.018058478832244873,0.016780316829681396,0.12493181228637695,-1.0,126.59304809387359,126.59304809387359,126.59304809387359,0.0,1,0,0.019674569368362427,0.01378907902886772,0.042783248102306465,3
0.1388918161392212,0.009975552558898926,0.000276416540145874,0.07182246467927035,0.1317192619726573,-150.82967575945102,60.82967575945102,0.10374212265014648,-1.0,169.16033584352428,169.16033584352428,169.16033584352428,0.0,175.86719838955128,175.86719838955128,0.0,0.13569992780685425,0.05656540393829346,0.0,169.10694580576265,140.5783939227328,140.5783939227328,169.10694580576265,28.52855188302985,0,0,0.01622915267944336,0.02381582974138816,0.1015707279505528,0
0.29097461700439453,0.0784558653831482,0.043493568897247314,0.2696313038946737,0.18823249422957403,-132.96019974053613,42.960199740536126,0.1996881663799286,177.90821224260296,164.39183855571233,164.39183855571233,177.90821224260296,13.516373686890631,175.269598565107,176.89403153618264,1.6244329710756347,0.012764394283294678,0.004053473472595215,0.021552622318267822,160.12735195258622,176.8592257245493,160.12735195258622,176.8592257245493,16.73187377196308,1,0,0.06995320320129395,0.04374841402777844,0.06696875109025491,0
0.12757354974746704,0.06156611442565918,0.021589338779449463,0.48259309666878314,0.12541305285698812,-129.63564949708024,39.63564949708024,0.14682599902153015,80.80900125870704,163.8558413905614,80.80900125870704,163.8558413905614,83.04684013185437,87.03417500059756,159.68870568912905,72.6545306885315,0.08640706539154053,0.06422680616378784,0.1315019130706787,-1.0,152.44272416928342,152.44272416928342,152.44272416928342,0.0,1,0,0.0049398839473724365,0.034666708218525036,0.08052596908596715,2
0.15581250190734863,0.04092720150947571,0.035715252161026,0.2626695612256608,0.15453951188677092,-131.27143056787614,41.27143056787614,0.11343324184417725,96.52517896519868,84.7115088410987,84.7115088410987,96.52517896519868,11.813670124099971,85.26843954537857,105.59445645148344,20.32601690610487,0.03756624460220337,0.018998384475708008,0.05007469654083252,169.43124581078752,-1.0,169.43124581078752,169.43124581078752,0.0,0,1,0.03447960317134857,0.022038242154229882,0.055401976379034906,2
0.1321050524711609,0.056281328201293945,0.03366708755493164,0.426034637952855,0.09807715144454508,-125.80350048652778,35.80350048652778,0.09513729810714722,178.36078787502817,159.36610417901008,159.36610417901008,178.36078787502817,18.994683696018086,122.94306030291112,133.09460821298723,10.151547910076104,0.07316511869430542,0.03742098808288574,0.09184610843658447,140.56227865835243,151.39783269018048,140.56227865835243,151.39783269018048,10.835554031828053,1,0,0.0018065273761749268,0.03548994264342907,0.022255705355892705,2
0.11385747790336609,0.018901586532592773,0.015445441007614136,0.16601093648530543,0.1392408928108668,-73.63641540076965,16.36358459923035,0.1492389440536499,-1.0,-1.0,-1.0,-1.0,0.0,49.65636699661923,89.1537337111076,39.49736671448838,0.04116779565811157,0.03649604320526123,0.0952649712562561,159.1009144162263,136.62745042787873,136.62745042787873,159.1009144162263,22.47346398834756,0,0,0.04094785451889038,0.03315432623914243,0.025919312407581212,2
0.1914735734462738,0.010552048683166504,0.014954090118408203,0.055109686904795445,0.13718187073058472,-36.72166530692878,53.27833469307122,0.14184972643852234,170.371613819964,177.26338163599388,170.371613819964,177.26338163599388,6.891767816029869,161.82350874231997,176.76738398391097,14.943875241591002,0.09092938899993896,0.04624885320663452,0.05824178457260132,-1.0,113.04067515512224,113.04067515512224,113.04067515512224,0.0,0,0,0.04923713207244873,0.05466780851987753,0.042647832043025274,3
0.23268091678619385,0.05982547998428345,0.020365536212921143,0.25711382270019145,0.17302151502301508,-133.06517234250995,43.06517234250995,0.18721070885658264,178.26395720585597,178.27335101757754,178.26395720585597,178.27335101757754,0.009393811721565726,158.13359595119348,173.4090544913173,15.275458540123822,0.13817626237869263,0.06843304634094238,0.06396549940109253,166.32993662968562,165.99145742001147,165.99145742001147,166.32993662968562,0.3384792096741478,0,0,0.0009389817714691162,0.02968628481088386,0.11820873636129661,0
0.29183924198150635,0.022866517305374146,0.02240365743637085,0.07835312739341332,0.17468866874192637,-47.916858140875405,42.083141859124595,0.1659507155418396,-1.0,164.09138729002365,164.09138729002365,164.09138729002365,0.0,138.97086001387964,138.97086001387964,0.0,0.02218109369277954,0.018084168434143066,0.0,139.68850674181243,130.2613980989875,130.2613980989875,139.68850674181243,9.42710864282492,0,0,0.05236329138278961,0.042942306565119215,0.02151273153182516,2
0.11361128091812134,0.028195083141326904,0.029920965433120728,0.24817151002501991,0.1323562414325156,-165.08860182228108,75.08860182228108,0.04927933216094971,174.9688682229426,132.5209390773231,132.5209390773231,174.9688682229426,42.4479291456195,119.0928144957819,175.56826856738255,56.47545407160065,0.10328975319862366,0.05362170934677124,0.0934935212135315,145.68452082198172,168.2721222957861,145.68452082198172,168.2721222957861,22.58760147380437,1,1,0.02613970637321472,0.03367146874553985,0.048674036625581465,0
0.10552620887756348,0.030462563037872314,0.03408479690551758,0.2886729596551358,0.09299387148011486,178.88358234977494,88.88358234977494,-0.003098398447036743,-1.0,-1.0,-1.0,-1.0,0.0,107.80124528496229,107.80124528496229,0.0,0.06729373335838318,0.02950948476791382,0.0,150.45435526299295,165.57799840713335,150.45435526299295,165.57799840713335,15.123643144140402,1,1,0.0341128408908844,0.02009375392625413,0.06898838819586557,2
0.10835227370262146,0.06986117362976074,0.04192143678665161,0.6447596459442875,0.10084817004897977,-23.767459952565616,66.23254004743438,0.07111009955406189,155.34438260157677,159.45019217537063,155.34438260157677,159.45019217537063,4.105809573793863,158.16198884710298,159.84433574724275,1.6823469001397768,0.01584380865097046,0.021917641162872314,0.0746195912361145,150.72479567866102,118.69439524873209,118.69439524873209,150.72479567866102,32.03040042992893,1,0,0.041015565395355225,0.006376140888723602,0.0716163628190069,3
0.3137945532798767,0.05558997392654419,0.019465118646621704,0.17715404345136257,0.18281791621205606,-128.20899876675844,38.20899876675844,0.20457372069358826,-1.0,-1.0,-1.0,-1.0,0.0,150.01903457679282,150.01903457679282,0.0,0.15243619680404663,0.06806737184524536,0.0,166.8233952878405,170.223000337379,166.8233952878405,170.223000337379,3.3996050495385077,0,0,0.007204025983810425,0.020707561073559935,0.13355690998616837,0
0.27153223752975464,0.04944917559623718,0.021864384412765503,0.18211161976970971,0.16543651882606167,-122.90566634758906,32.90566634758906,0.2063359022140503,-1.0,176.42423232364084,176.42423232364084,176.42423232364084,0.0,179.08666627757543,179.08666627757543,0.0,0.13916140794754028,0.06449949741363525,0.0,177.55363311065898,137.3747614840324,137.3747614840324,177.55363311065898,40.178871626626574,0,0,0.003137454390525818,0.02285658170816824,0.12643897873432527,0
0.28669193387031555,0.07964247465133667,0.042069077491760254,0.2777981004772976,0.19356045340888572,-123.4511154624175,33.451115462417505,0.21729600429534912,173.2482823790884,178.97030549070297,173.2482823790884,178.97030549070297,5.722023111614561,152.90762386458374,170.20843427720337,17.300810412619626,0.11260861158370972,0.05914264917373657,0.08472561836242676,177.12366361495435,169.18283810498886,169.18283810498886,177.12366361495435,7.940825509965492,0,0,0.003725796937942505,0.03619614187952284,0.08705963826264446,0
0.269056499004364,0.0719166100025177,0.03789880871772766,0.2672918523382378,0.18533423562477233,-124.19166343087598,34.19166343087598,0.2022395133972168,164.55896542722076,175.37537231148372,164.55896542722076,175.37537231148372,10.81640688426296,154.61046539541192,170.43296413951052,15.822498744098596,0.112987220287323,0.04881793260574341,0.0643114447593689,175.7049698711483,177.39606159364845,175.7049698711483,177.39606159364845,1.691091722500147,0,0,0.000691637396812439,0.03768203988092288,0.07235107456568837,0
0.2615898549556732,0.06238424777984619,0.03416699171066284,0.23848114366062587,0.16917897534794113,-120.72500621647463,30.725006216474625,0.19830025732517242,169.38566501741153,175.3639109693284,169.38566501741153,175.3639109693284,5.978245951916875,161.88881203749867,173.0874264573585,11.198614419859837,0.08274194598197937,0.04453170299530029,0.06311824917793274,125.84510382540728,37.09188741855307,37.09188741855307,125.84510382540728,88.75321640685421,0,0,0.0029068589210510254,0.03581038693723033,0.06204673900648965,0
0.2265881597995758,0.032946228981018066,0.0185813307762146,0.14540137053127586,0.15404644770895606,-113.35820600959514,23.358206009595136,0.1922561675310135,156.74065668840768,165.76563377834665,156.74065668840768,165.76563377834665,9.024977089938972,145.22232946450944,154.00301557119272,8.780686106683277,0.04807361960411072,0.03763970732688904,0.026156902313232422,164.31549083818985,126.68872198138632,126.68872198138632,164.31549083818985,37.62676885680352,0,0,0.006710857152938843,0.03200708727472273,0.04989822997497909,0
0.2769441306591034,0.04440575838088989,0.04097890853881836,0.16034193710914899,0.14554965379845222,-74.0995062297407,15.900493770259303,0.1911490559577942,146.07664976039482,174.9504056392482,146.07664976039482,174.9504056392482,28.873755878853387,128.57744183313645,179.14434025984272,50.566898426706274,0.010176897048950195,0.0090789794921875,0.06776160001754761,133.5845792023113,144.63672336482261,133.5845792023113,144.63672336482261,11.052144162511325,0,0,0.030708521604537964,0.041739751128657646,0.03177747460985343,3
0.17402228713035583,0.05378878116607666,0.038422226905822754,0.30909133567348646,0.14093226175490658,152.58180822398188,62.58180822398188,-0.09375137090682983,170.46793050189166,177.0645057961776,170.46793050189166,177.0645057961776,6.596575294285941,155.328518495386,174.56455923500545,19.236040739619455,0.0830729603767395,0.045564889907836914,0.0523335337638855,174.49760955006624,98.61069560404714,98.61069560404714,174.49760955006624,75.8869139460191,1,0,0.05013623833656311,0.03282717430555183,0.06474615771132958,3
0.17169970273971558,0.08392655849456787,0.0441892147064209,0.488798507833147,0.10318084456922424,-73.03680182776252,16.963198172237483,0.13462227582931519,153.1328310904521,-1.0,153.1328310904521,153.1328310904521,0.0,150.2990685722062,150.2990685722062,0.0,0.046660542488098145,0.00047135353088378906,0.0,168.91611520963394,138.42254250071355,138.42254250071355,168.91611520963394,30.493572708920397,1,0,0.011197984218597412,0.03234655226854208,0.04534116245215283,3
0.10105538368225098,0.07008510828018188,0.020974695682525635,0.6935316628013694,0.08850376833500091,-43.83537087321967,46.16462912678033,0.1012137234210968,155.86740581272022,140.41710534284277,140.41710534284277,155.86740581272022,15.450300469877448,138.432649318944,173.9281111876406,35.49546186869662,0.07174348831176758,0.0550045371055603,0.09241843223571777,165.0431329154824,136.72878212361266,136.72878212361266,165.0431329154824,28.314350791869742,1,0,0.0024168789386749268,0.04848518410007175,0.059107341959144376,3
0.1884530782699585,0.06559064984321594,0.046892017126083374,0.34804764371775093,0.12283675870208985,121.4454804232848,31.445480423284806,-0.11638179421424866,166.3937973183061,173.7504218765829,166.3937973183061,173.7504218765829,7.356624558276792,154.160460306709,175.92680853429727,21.766348227588253,0.030228853225708008,0.0101432204246521,0.014300107955932617,139.2388874181874,132.46599764903513,132.46599764903513,139.2388874181874,6.772889769152272,1,0,0.041948720812797546,0.01297221763664369,0.06467583117078554,3
0.3048834204673767,0.035043299198150635,0.03641277551651001,0.11493999622685405,0.1475451170041629,-78.35176684407666,11.648233155923336,0.1948881447315216,177.9231580654816,177.4481209739916,177.4481209739916,177.9231580654816,0.47503709149000883,168.79818212006845,170.1385088022648,1.3403266821963484,0.005948543548583984,0.004911601543426514,0.01735687255859375,136.89480957880588,147.0685502987003,136.89480957880588,147.0685502987003,10.173740719894425,0,0,0.02415063977241516,0.050872331924087855,0.01008620564614441,3
0.24012401700019836,0.06527775526046753,0.047440946102142334,0.2718501717402704,0.13129115201843353,-121.4574752119789,31.457475211978903,0.1623869240283966,164.43516142048026,168.574076458236,164.43516142048026,168.574076458236,4.138915037755737,134.49322717494024,158.00262887845648,23.509401703516232,0.0663982629776001,0.03986400365829468,0.11605089902877808,152.26474760073376,144.83890538231054,144.83890538231054,152.26474760073376,7.425842218423213,0,0,0.025315046310424805,0.05843225512141702,0.015789540477148506,3
0.2586369216442108,0.06452426314353943,0.04797393083572388,0.24947815931826262,0.122180441056315,-119.7629836837405,29.7629836837405,0.15792647004127502,170.6159148134739,165.57140405987764,165.57140405987764,170.6159148134739,5.044510753596256,156.11357185007714,156.4544167902242,0.3408449401470648,0.05655050277709961,0.03470057249069214,0.09654003381729126,118.16348262117761,115.28943663754548,115.28943663754548,118.16348262117761,2.8740459836321293,0,0,0.023775652050971985,0.05818258096793998,0.014516772886771924,3
0.25180524587631226,0.06569698452949524,0.034104347229003906,0.26090395496274077,0.16860585083116011,-130.811377018219,40.81137701821899,0.19351613521575928,157.02524722355076,174.7617373478086,157.02524722355076,174.7617373478086,17.73649012425784,153.34705391552873,160.3955637027232,7.048509787194462,0.1483209729194641,0.06627500057220459,0.08901846408843994,171.9406927546055,141.17836037902902,141.17836037902902,171.9406927546055,30.762332375576477,1,0,0.013180777430534363,0.04649208131565711,0.09664287345882297,0
